ambulancer;bikeage_gr;bike_age;bike_dir;bike_injur;bike_pos;bike_race;bike_sex;city;county;crashalcoh;crashday;crash_loc;crash_mont;crash_time;crash_year;crsh_sevri;drvrage_gr;drvr_age;drvr_alc_d;drvr_estsp;drvr_injur;drvr_race;drvr_sex;excsspdind;hit_run;light_cond;locality;num_lanes;num_units;rd_charact;rd_class;rd_defects;rd_surface;rural_urba;speed_limi;weather;workzone_i
Yes;70;70;With Traffic;K: Killed;Travel Lane;White;Male;Carrboro;Orange;No;Saturday;Non-Intersection;July;10:12;2011;K: Killed;70;70;No;11-15 mph;O: No Injury;White;Male;No;No;Daylight;Urban (>70% Developed);Unknown;2.0;Straight - Level;State Secondary Route;None;Smooth Asphalt;Urban;20 - 25  MPH;Clear;No
No;20-24;24;With Traffic;C: Possible Injury;Travel Lane;White;Male;None - Rural Crash;Orange;No;Tuesday;Non-Intersection;February;17:11;2012;C: Possible Injury;Unknown;Unknown;Missing;6-10 mph;Unknown Injury;Unknown/Missing;Unknown;No;Yes;Daylight;Rural (<30% Developed);2 lanes;3.0;Straight - Level;State Secondary Route;None;Coarse Asphalt;Rural;40 - 45  MPH;Clear;No
Yes;25-29;26;With Traffic;B: Evident Injury;Travel Lane;Black;Male;Durham;Durham;No;Tuesday;Non-Intersection;February;19:15;2008;B: Evident Injury;Unknown;Unknown;Missing;41-45 mph;Unknown Injury;Unknown/Missing;Unknown;No;Yes;Dark - Roadway Not Lighted;Mixed (30% To 70% Developed);2 lanes;2.0;Straight - Level;State Secondary Route;None;Smooth Asphalt;Urban;40 - 45  MPH;Clear;No
Yes;30-39;33;With Traffic;B: Evident Injury;Travel Lane;White;Female;Carrboro;Orange;No;Sunday;Intersection;December;12:09;2008;B: Evident Injury;70;70;No;16-20 mph;O: No Injury;White;Female;No;No;Daylight;Urban (>70% Developed);2 lanes;2.0;Straight - Level;Local Street;None;Smooth Asphalt;Urban;30 - 35  MPH;Clear;No
Yes;40-49;41;With Traffic;B: Evident Injury;Travel Lane;White;Female;None - Rural Crash;Durham;No;Wednesday;Intersection;September;8:40;2011;B: Evident Injury;70;70;No;6-10 mph;O: No Injury;White;Male;No;No;Daylight;Rural (<30% Developed);2 lanes;2.0;Straight - Grade;State Secondary Route;None;Smooth Asphalt;Rural;40 - 45  MPH;Clear;No
Yes;11-15;12;Facing Traffic;B: Evident Injury;Sidewalk / Crosswalk / Driveway Crossing;White;Male;Chapel Hill;Orange;No;Tuesday;Intersection;March;15:24;2008;B: Evident Injury;40-49;49;No;0-5 mph;O: No Injury;White;Male;No;No;Daylight;Urban (>70% Developed);2 lanes;2.0;Straight - Bottom;Local Street;None;Smooth Asphalt;Urban;20 - 25  MPH;Clear;No
No;Unknown;0;Facing Traffic;Unknown Injury;Travel Lane;Unknown/Missing;Unknown;Chapel Hill;Orange;No;Monday;Non-Intersection;April;18:27;2012;O: No Injury;25-29;27;No;31-35 mph;O: No Injury;White;Male;No;No;Daylight;Urban (>70% Developed);1 lane;2.0;Curve - Grade;Local Street;None;Smooth Asphalt;Urban;30 - 35  MPH;Clear;No
Yes;20-24;23;With Traffic;O: No Injury;Travel Lane;White;Female;Carrboro;Orange;No;Friday;Non-Intersection;August;20:06;2008;O: No Injury;50-59;57;No;6-10 mph;O: No Injury;White;Male;No;No;Dusk;Urban (>70% Developed);2 lanes;2.0;Straight - Level;Local Street;None;Coarse Asphalt;Urban;30 - 35  MPH;Clear;No
Yes;6-10;10;With Traffic;B: Evident Injury;Travel Lane;Black;Male;Chapel Hill;Orange;No;Thursday;Intersection;October;15:13;2010;B: Evident Injury;20-24;21;No;16-20 mph;O: No Injury;White;Male;No;No;Daylight;Rural (<30% Developed);2 lanes;2.0;Straight - Level;Local Street;None;Coarse Asphalt;Urban;20 - 25  MPH;Clear;No
Yes;40-49;45;With Traffic;C: Possible Injury;Travel Lane;White;Male;Durham;Durham;No;Friday;Non-Intersection;November;20:49;2013;C: Possible Injury;25-29;26;No;31-35 mph;O: No Injury;Black;Female;No;No;Dark - Roadway Not Lighted;Urban (>70% Developed);2 lanes;2.0;Straight - Level;Local Street;None;Coarse Asphalt;Urban;30 - 35  MPH;Cloudy;No
Yes;30-39;30;With Traffic;B: Evident Injury;Travel Lane;White;Male;Carrboro;Orange;Yes;Friday;Intersection;February;22:47;2008;B: Evident Injury;40-49;43;No;16-20 mph;O: No Injury;Asian;Male;No;No;Dark - Lighted Roadway;Urban (>70% Developed);3 lanes;2.0;Straight - Level;Local Street;None;Coarse Asphalt;Urban;20 - 25  MPH;Clear;No
Yes;20-24;21;Not Applicable;B: Evident Injury;Non-Roadway;White;Male;Chapel Hill;Orange;No;Saturday;Non-Roadway;June;22:54;2010;B: Evident Injury;50-59;55;No;Unknown;Unknown Injury;White;Male;No;No;Dark - Lighted Roadway;Urban (>70% Developed);Unknown;2.0;Straight - Level;Public Vehicular Area;None;Smooth Asphalt;Urban;20 - 25  MPH;Clear;No
Yes;16-19;19;Facing Traffic;B: Evident Injury;Sidewalk / Crosswalk / Driveway Crossing;White;Female;Chapel Hill;Orange;No;Friday;Intersection;April;13:55;2012;B: Evident Injury;60-69;60;No;Unknown;O: No Injury;White;Male;No;No;Daylight;Urban (>70% Developed);5 lanes;2.0;Straight - Grade;Local Street;None;Smooth Asphalt;Urban;20 - 25  MPH;Clear;No
Yes;30-39;39;Facing Traffic;C: Possible Injury;Travel Lane;Asian;Female;Chapel Hill;Orange;No;Thursday;Intersection;August;16:33;2011;C: Possible Injury;50-59;54;No;0-5 mph;O: No Injury;White;Male;No;No;Daylight;Mixed (30% To 70% Developed);4 lanes;2.0;Curve - Level;Local Street;None;Smooth Asphalt;Urban;20 - 25  MPH;Clear;No
Yes;11-15;13;With Traffic;B: Evident Injury;Travel Lane;Black;Male;Chapel Hill;Orange;No;Saturday;Non-Intersection;May;15:13;2009;B: Evident Injury;40-49;44;No;Unknown;O: No Injury;White;Female;No;No;Daylight;Urban (>70% Developed);4 lanes;2.0;Straight - Level;Local Street;None;Smooth Asphalt;Urban;20 - 25  MPH;Clear;No
Yes;70;70;Not Applicable;C: Possible Injury;Non-Roadway;White;Male;Chapel Hill;Orange;No;Tuesday;Non-Roadway;June;7:25;2009;C: Possible Injury;25-29;25;No;0-5 mph;O: No Injury;White;Female;No;No;Daylight;Urban (>70% Developed);Unknown;2.0;Straight - Level;Public Vehicular Area;None;Smooth Asphalt;Urban;Unknown;Clear;No
No;20-24;22;Facing Traffic;B: Evident Injury;Sidewalk / Crosswalk / Driveway Crossing;White;Male;Chapel Hill;Orange;No;Thursday;Intersection;May;16:23;2010;B: Evident Injury;50-59;54;No;6-10 mph;O: No Injury;White;Female;No;No;Daylight;Urban (>70% Developed);6 lanes;2.0;Straight - Level;NC Route;None;Smooth Asphalt;Urban;30 - 35  MPH;Clear;No
Yes;11-15;13;With Traffic;B: Evident Injury;Travel Lane;White;Male;Durham;Durham;No;Friday;Intersection;April;15:26;2008;B: Evident Injury;0-19;16;No;6-10 mph;O: No Injury;White;Female;No;No;Daylight;Urban (>70% Developed);8 lanes;2.0;Straight - Level;Local Street;None;Smooth Asphalt;Urban;30 - 35  MPH;Clear;No
No;25-29;29;With Traffic;C: Possible Injury;Bike Lane / Paved Shoulder;White;Female;Carrboro;Orange;No;Friday;Non-Intersection;September;17:58;2012;C: Possible Injury;0-19;16;No;0-5 mph;O: No Injury;White;Male;No;No;Daylight;Urban (>70% Developed);2 lanes;2.0;Straight - Level;Local Street;None;Coarse Asphalt;Urban;20 - 25  MPH;Clear;No
Yes;30-39;30;Facing Traffic;B: Evident Injury;Sidewalk / Crosswalk / Driveway Crossing;Black;Female;Chapel Hill;Orange;No;Friday;Intersection;April;18:33;2010;B: Evident Injury;30-39;35;No;6-10 mph;O: No Injury;White;Male;No;No;Daylight;Urban (>70% Developed);9 or more lanes;2.0;Straight - Grade;NC Route;None;Smooth Asphalt;Urban;20 - 25  MPH;Clear;No
Yes;50-59;54;Unknown;A: Disabling Injury;Travel Lane;White;Male;Carrboro;Orange;No;Monday;Intersection-Related;April;7:58;2011;A: Disabling Injury;40-49;49;No;16-20 mph;O: No Injury;White;Female;No;No;Daylight;Urban (>70% Developed);4 lanes;2.0;Curve - Level;NC Route;None;Smooth Asphalt;Urban;40 - 45  MPH;Cloudy;No
Yes;25-29;28;With Traffic;B: Evident Injury;Travel Lane;White;Female;Chapel Hill;Orange;No;Tuesday;Intersection;September;22:51;2011;B: Evident Injury;0-19;19;No;0-5 mph;O: No Injury;White;Male;No;No;Dark - Lighted Roadway;Urban (>70% Developed);4 lanes;2.0;Straight - Level;Local Street;None;Smooth Asphalt;Urban;20 - 25  MPH;Clear;No
Yes;30-39;35;With Traffic;C: Possible Injury;Bike Lane / Paved Shoulder;White;Male;Chapel Hill;Orange;Yes;Friday;Non-Intersection;May;16:03;2012;C: Possible Injury;20-24;22;Yes;16-20 mph;O: No Injury;White;Male;No;Yes;Daylight;Urban (>70% Developed);4 lanes;2.0;Straight - Grade;NC Route;None;Smooth Asphalt;Urban;30 - 35  MPH;Cloudy;No
Yes;50-59;51;With Traffic;K: Killed;Travel Lane;Black;Male;None - Rural Crash;Orange;Yes;Sunday;Non-Intersection;June;0:42;2012;K: Killed;25-29;27;No;51-55 mph;O: No Injury;Black;Female;No;No;Dark - Roadway Not Lighted;Rural (<30% Developed);2 lanes;2.0;Curve - Level;NC Route;None;Coarse Asphalt;Rural;50 - 55  MPH;Clear;No
Yes;20-24;20;With Traffic;B: Evident Injury;Travel Lane;White;Male;Chapel Hill;Orange;No;Thursday;Intersection;January;10:45;2013;B: Evident Injury;50-59;53;No;11-15 mph;O: No Injury;White;Female;No;No;Daylight;Urban (>70% Developed);2 lanes;2.0;Straight - Grade;Local Street;None;Smooth Asphalt;Urban;20 - 25  MPH;Cloudy;No
Yes;20-24;22;With Traffic;B: Evident Injury;Travel Lane;White;Female;Carrboro;Orange;No;Friday;Intersection;September;17:45;2012;B: Evident Injury;20-24;20;No;16-20 mph;O: No Injury;White;Male;No;No;Daylight;Urban (>70% Developed);2 lanes;2.0;Straight - Level;Local Street;None;Coarse Asphalt;Urban;30 - 35  MPH;Clear;No
Yes;20-24;24;With Traffic;B: Evident Injury;Travel Lane;White;Female;Chapel Hill;Orange;No;Monday;Intersection;October;16:39;2012;B: Evident Injury;70;70;No;6-10 mph;O: No Injury;White;Female;No;No;Daylight;Urban (>70% Developed);4 lanes;2.0;Straight - Grade;Local Street;None;Smooth Asphalt;Urban;30 - 35  MPH;Clear;No
No;20-24;21;With Traffic;B: Evident Injury;Travel Lane;White;Female;Chapel Hill;Orange;No;Friday;Intersection;August;12:23;2011;B: Evident Injury;50-59;52;No;16-20 mph;O: No Injury;White;Female;No;No;Daylight;Urban (>70% Developed);3 lanes;2.0;Straight - Level;Local Street;None;Smooth Asphalt;Urban;20 - 25  MPH;Clear;No
Yes;16-19;19;Facing Traffic;B: Evident Injury;Travel Lane;White;Male;Carrboro;Orange;No;Monday;Intersection;October;15:46;2008;B: Evident Injury;60-69;64;No;21-25 mph;O: No Injury;White;Female;No;No;Daylight;Urban (>70% Developed);3 lanes;2.0;Straight - Grade;Local Street;None;Smooth Asphalt;Urban;30 - 35  MPH;Clear;No
Yes;50-59;56;With Traffic;B: Evident Injury;Travel Lane;White;Male;None - Rural Crash;Orange;No;Saturday;Intersection;April;16:42;2013;B: Evident Injury;70;70;No;41-45 mph;O: No Injury;Black;Male;No;No;Daylight;Rural (<30% Developed);2 lanes;2.0;Straight - Level;State Secondary Route;None;Smooth Asphalt;Rural;40 - 45  MPH;Clear;No
Yes;40-49;41;Not Applicable;C: Possible Injury;Unknown;White;Male;Carrboro;Orange;Yes;Thursday;Non-Intersection;October;15:08;2009;C: Possible Injury;30-39;37;No;31-35 mph;O: No Injury;Other;Male;No;No;Daylight;Urban (>70% Developed);5 lanes;2.0;Straight - Hillcrest;Local Street;None;Coarse Asphalt;Urban;30 - 35  MPH;Clear;No
Yes;20-24;21;Facing Traffic;B: Evident Injury;Travel Lane;White;Male;Chapel Hill;Orange;No;Thursday;Non-Intersection;October;23:50;2010;B: Evident Injury;20-24;23;No;0-5 mph;O: No Injury;White;Male;No;No;Dark - Lighted Roadway;Urban (>70% Developed);4 lanes;2.0;Straight - Grade;Local Street;None;Smooth Asphalt;Urban;20 - 25  MPH;Clear;No
No;30-39;32;Facing Traffic;B: Evident Injury;Bike Lane / Paved Shoulder;Hispanic;Male;Chapel Hill;Orange;No;Tuesday;Intersection;June;15:29;2008;B: Evident Injury;20-24;21;No;0-5 mph;O: No Injury;White;Male;No;No;Daylight;Urban (>70% Developed);2 lanes;2.0;Straight - Level;Local Street;None;Smooth Asphalt;Urban;20 - 25  MPH;Clear;No
Yes;6-10;8;With Traffic;B: Evident Injury;Travel Lane;Black;Male;Chapel Hill;Orange;No;Saturday;Intersection;November;15:55;2011;B: Evident Injury;40-49;46;No;Unknown;O: No Injury;Black;Male;No;No;Daylight;Urban (>70% Developed);2 lanes;2.0;Straight - Grade;Local Street;None;Smooth Asphalt;Urban;20 - 25  MPH;Clear;No
Yes;20-24;22;With Traffic;B: Evident Injury;Travel Lane;White;Male;None - Rural Crash;Orange;No;Monday;Intersection;December;16:00;2012;B: Evident Injury;40-49;40;No;21-25 mph;O: No Injury;White;Male;No;No;Daylight;Rural (<30% Developed);2 lanes;2.0;Straight - Grade;State Secondary Route;None;Smooth Asphalt;Rural;40 - 45  MPH;Clear;No
No;20-24;21;With Traffic;B: Evident Injury;Travel Lane;White;Female;Chapel Hill;Orange;No;Monday;Intersection;August;14:46;2008;B: Evident Injury;50-59;54;No;Unknown;O: No Injury;White;Male;No;No;Daylight;Urban (>70% Developed);4 lanes;2.0;Straight - Level;Local Street;None;Smooth Asphalt;Urban;20 - 25  MPH;Clear;No
Yes;25-29;25;With Traffic;B: Evident Injury;Travel Lane;White;Male;None - Rural Crash;Orange;No;Saturday;Non-Intersection;June;19:01;2007;B: Evident Injury;Unknown;Unknown;No;11-15 mph;Unknown Injury;Unknown/Missing;Unknown;No;Yes;Daylight;Rural (<30% Developed);2 lanes;2.0;Curve - Hillcrest;State Secondary Route;None;Smooth Asphalt;Rural;40 - 45  MPH;Clear;No
No;20-24;20;With Traffic;Unknown Injury;Travel Lane;White;Male;Chapel Hill;Orange;No;Saturday;Non-Intersection;May;9:56;2008;O: No Injury;20-24;22;No;Unknown;O: No Injury;White;Male;No;No;Daylight;Urban (>70% Developed);2 lanes;2.0;Straight - Grade;Local Street;None;Smooth Asphalt;Urban;20 - 25  MPH;Cloudy;No
Yes;50-59;54;With Traffic;C: Possible Injury;Travel Lane;White;Male;Chapel Hill;Orange;No;Tuesday;Intersection-Related;November;17:25;2012;C: Possible Injury;30-39;31;No;0-5 mph;O: No Injury;White;Female;No;No;Dark - Lighted Roadway;Urban (>70% Developed);2 lanes;2.0;Straight - Level;Local Street;None;Smooth Asphalt;Urban;20 - 25  MPH;Rain;No
Yes;6-10;8;Unknown;B: Evident Injury;Sidewalk / Crosswalk / Driveway Crossing;Black;Female;Chapel Hill;Orange;No;Friday;Non-Intersection;June;14:42;2009;B: Evident Injury;30-39;32;No;0-5 mph;O: No Injury;White;Male;No;No;Daylight;Urban (>70% Developed);2 lanes;2.0;Straight - Grade;Local Street;None;Smooth Asphalt;Urban;30 - 35  MPH;Clear;No
Yes;50-59;51;Facing Traffic;C: Possible Injury;Sidewalk / Crosswalk / Driveway Crossing;Black;Male;Carrboro;Orange;No;Monday;Non-Intersection;September;14:09;2011;C: Possible Injury;40-49;42;No;11-15 mph;O: No Injury;White;Male;No;No;Daylight;Urban (>70% Developed);4 lanes;2.0;Straight - Level;Unknown;None;Smooth Asphalt;Urban;30 - 35  MPH;Clear;No
Yes;25-29;25;Facing Traffic;B: Evident Injury;Travel Lane;White;Male;Chapel Hill;Orange;No;Friday;Intersection;August;21:55;2008;B: Evident Injury;20-24;20;No;6-10 mph;O: No Injury;White;Male;No;No;Dark - Lighted Roadway;Urban (>70% Developed);2 lanes;2.0;Straight - Level;Local Street;None;Smooth Asphalt;Urban;20 - 25  MPH;Cloudy;No
Yes;20-24;21;With Traffic;B: Evident Injury;Travel Lane;White;Male;Chapel Hill;Orange;No;Wednesday;Intersection;September;10:52;2009;B: Evident Injury;40-49;40;No;6-10 mph;Unknown Injury;Black;Male;No;No;Unknown;Urban (>70% Developed);6 lanes;2.0;Straight - Bottom;Local Street;None;Smooth Asphalt;Urban;20 - 25  MPH;Clear;No
Yes;30-39;37;With Traffic;C: Possible Injury;Travel Lane;White;Male;Carrboro;Orange;No;Saturday;Non-Intersection;March;19:03;2013;C: Possible Injury;20-24;20;No;0-5 mph;O: No Injury;White;Female;No;No;Daylight;Urban (>70% Developed);3 lanes;2.0;Straight - Level;Local Street;None;Coarse Asphalt;Urban;20 - 25  MPH;Clear;No
No;25-29;27;With Traffic;C: Possible Injury;Sidewalk / Crosswalk / Driveway Crossing;White;Female;Chapel Hill;Orange;No;Tuesday;Intersection;December;18:07;2008;C: Possible Injury;20-24;21;No;0-5 mph;O: No Injury;White;Female;No;No;Dark - Lighted Roadway;Urban (>70% Developed);Unknown;2.0;Straight - Level;Public Vehicular Area;None;Smooth Asphalt;Urban;5 - 15 MPH;Cloudy;No
No;20-24;21;With Traffic;C: Possible Injury;Sidewalk / Crosswalk / Driveway Crossing;Asian;Female;Carrboro;Orange;No;Thursday;Intersection;September;7:49;2010;C: Possible Injury;40-49;47;No;6-10 mph;O: No Injury;Black;Female;No;No;Daylight;Urban (>70% Developed);2 lanes;2.0;Curve - Grade;Local Street;None;Smooth Asphalt;Urban;20 - 25  MPH;Clear;No
No;20-24;21;With Traffic;C: Possible Injury;Travel Lane;White;Male;Chapel Hill;Orange;No;Wednesday;Intersection;April;17:28;2008;C: Possible Injury;20-24;24;No;Unknown;O: No Injury;White;Female;No;No;Daylight;Urban (>70% Developed);2 lanes;2.0;Straight - Level;Local Street;None;Smooth Asphalt;Urban;Unknown;Clear;No
Yes;20-24;20;With Traffic;B: Evident Injury;Sidewalk / Crosswalk / Driveway Crossing;Asian;Female;Chapel Hill;Orange;No;Thursday;Non-Intersection;October;15:34;2010;B: Evident Injury;25-29;27;No;11-15 mph;Unknown Injury;Black;Male;No;No;Daylight;Mixed (30% To 70% Developed);4 lanes;2.0;Straight - Level;Local Street;None;Smooth Asphalt;Urban;20 - 25  MPH;Clear;No
No;50-59;51;With Traffic;B: Evident Injury;Travel Lane;White;Male;None - Rural Crash;Orange;No;Thursday;Non-Intersection;April;20:38;2008;B: Evident Injury;40-49;49;No;41-45 mph;O: No Injury;Black;Male;No;No;Dark - Roadway Not Lighted;Mixed (30% To 70% Developed);2 lanes;2.0;Straight - Level;State Secondary Route;None;Smooth Asphalt;Rural;40 - 45  MPH;Clear;No
No;40-49;42;With Traffic;C: Possible Injury;Bike Lane / Paved Shoulder;Asian;Female;Carrboro;Orange;No;Thursday;Non-Intersection;December;7:52;2007;C: Possible Injury;50-59;58;No;36-40 mph;O: No Injury;White;Male;No;No;Daylight;Rural (<30% Developed);4 lanes;2.0;Straight - Level;NC Route;None;Smooth Asphalt;Urban;40 - 45  MPH;Clear;No
Yes;30-39;32;With Traffic;C: Possible Injury;Travel Lane;White;Male;Chapel Hill;Orange;No;Tuesday;Intersection-Related;September;19:03;2010;C: Possible Injury;60-69;61;No;31-35 mph;O: No Injury;White;Female;No;No;Daylight;Urban (>70% Developed);2 lanes;2.0;Straight - Level;Local Street;None;Smooth Asphalt;Urban;30 - 35  MPH;Clear;No
No;16-19;19;With Traffic;B: Evident Injury;Travel Lane;Asian;Male;Chapel Hill;Orange;No;Wednesday;Non-Intersection;April;15:27;2012;B: Evident Injury;25-29;26;No;11-15 mph;O: No Injury;White;Male;No;No;Daylight;Urban (>70% Developed);4 lanes;2.0;Straight - Grade;Local Street;None;Smooth Asphalt;Urban;20 - 25  MPH;Clear;No
Yes;11-15;12;Unknown;B: Evident Injury;Travel Lane;Black;Male;Chapel Hill;Orange;No;Saturday;Intersection;May;16:04;2007;B: Evident Injury;20-24;22;No;21-25 mph;O: No Injury;White;Male;No;No;Daylight;Urban (>70% Developed);2 lanes;2.0;Straight - Grade;Local Street;None;Smooth Asphalt;Urban;20 - 25  MPH;Cloudy;No
Yes;40-49;44;With Traffic;C: Possible Injury;Travel Lane;White;Male;None - Rural Crash;Orange;Yes;Thursday;Intersection-Related;April;0:49;2011;C: Possible Injury;Unknown;Unknown;No;26-30 mph;Unknown Injury;Unknown/Missing;Unknown;No;Yes;Dark - Roadway Not Lighted;Mixed (30% To 70% Developed);9 or more lanes;2.0;Straight - Grade;State Secondary Route;None;Smooth Asphalt;Rural;40 - 45  MPH;Clear;No
Yes;20-24;22;With Traffic;A: Disabling Injury;Travel Lane;White;Male;Durham;Durham;Yes;Saturday;Intersection;August;23:51;2009;A: Disabling Injury;25-29;26;No;31-35 mph;O: No Injury;Black;Female;No;Yes;Dark - Roadway Not Lighted;Urban (>70% Developed);2 lanes;2.0;Straight - Grade;Local Street;None;Smooth Asphalt;Urban;30 - 35  MPH;Clear;No
Yes;6-10;9;With Traffic;C: Possible Injury;Sidewalk / Crosswalk / Driveway Crossing;White;Male;Chapel Hill;Orange;No;Wednesday;Intersection;September;7:35;2009;C: Possible Injury;40-49;43;No;0-5 mph;O: No Injury;Asian;Female;No;No;Daylight;Urban (>70% Developed);2 lanes;2.0;Straight - Level;Local Street;None;Smooth Asphalt;Urban;20 - 25  MPH;Clear;No
No;6-10;8;Not Applicable;C: Possible Injury;Driveway / Alley;White;Male;Chapel Hill;Orange;No;Friday;Non-Intersection;December;15:42;2008;C: Possible Injury;40-49;48;No;16-20 mph;O: No Injury;White;Female;No;No;Daylight;Urban (>70% Developed);2 lanes;2.0;Straight - Hillcrest;Local Street;None;Smooth Asphalt;Urban;20 - 25  MPH;Clear;No
Yes;30-39;34;Facing Traffic;C: Possible Injury;Travel Lane;Asian;Male;Chapel Hill;Orange;No;Tuesday;Intersection;July;17:24;2007;C: Possible Injury;30-39;39;No;0-5 mph;O: No Injury;White;Male;No;No;Daylight;Urban (>70% Developed);2 lanes;2.0;Straight - Level;Local Street;None;Smooth Asphalt;Urban;20 - 25  MPH;Rain;No
No;11-15;15;With Traffic;C: Possible Injury;Sidewalk / Crosswalk / Driveway Crossing;Black;Male;Durham;Durham;No;Monday;Intersection;April;18:50;2013;C: Possible Injury;30-39;30;No;41-45 mph;O: No Injury;White;Male;No;No;Daylight;Urban (>70% Developed);2 lanes;2.0;Straight - Level;Local Street;None;Smooth Asphalt;Urban;40 - 45  MPH;Clear;No
No;20-24;22;With Traffic;B: Evident Injury;Travel Lane;White;Male;Chapel Hill;Orange;No;Tuesday;Intersection;July;17:24;2012;B: Evident Injury;0-19;16;No;21-25 mph;O: No Injury;White;Male;No;No;Daylight;Urban (>70% Developed);2 lanes;2.0;Straight - Level;Local Street;None;Coarse Asphalt;Urban;20 - 25  MPH;Clear;No
Yes;20-24;21;With Traffic;B: Evident Injury;Travel Lane;White;Female;Chapel Hill;Orange;No;Tuesday;Intersection-Related;August;12:41;2012;B: Evident Injury;60-69;63;No;Unknown;O: No Injury;White;Male;No;No;Daylight;Urban (>70% Developed);2 lanes;2.0;Straight - Level;Local Street;None;Coarse Asphalt;Urban;20 - 25  MPH;Cloudy;No
No;25-29;29;With Traffic;B: Evident Injury;Travel Lane;White;Female;Carrboro;Orange;No;Tuesday;Non-Intersection;December;17:45;2009;B: Evident Injury;40-49;43;No;0-5 mph;O: No Injury;White;Male;No;No;Dark - Roadway Not Lighted;Urban (>70% Developed);Unknown;2.0;Straight - Level;Local Street;None;Coarse Asphalt;Urban;30 - 35  MPH;Clear;No
No;30-39;33;With Traffic;C: Possible Injury;Bike Lane / Paved Shoulder;White;Male;Chapel Hill;Orange;No;Tuesday;Non-Intersection;February;12:02;2009;C: Possible Injury;30-39;33;No;0-5 mph;O: No Injury;White;Male;No;No;Daylight;Urban (>70% Developed);2 lanes;2.0;Straight - Grade;Local Street;None;Smooth Asphalt;Urban;20 - 25  MPH;Clear;No
Yes;20-24;23;Not Applicable;C: Possible Injury;Multi-use Path;White;Female;Carrboro;Orange;No;Thursday;Intersection;August;8:58;2008;C: Possible Injury;40-49;48;No;16-20 mph;O: No Injury;White;Male;No;No;Daylight;Urban (>70% Developed);2 lanes;2.0;Straight - Hillcrest;Local Street;None;Smooth Asphalt;Urban;20 - 25  MPH;Clear;No
No;16-19;19;Not Applicable;C: Possible Injury;Travel Lane;Black;Male;Chapel Hill;Orange;No;Friday;Non-Intersection;September;15:43;2013;C: Possible Injury;60-69;67;No;6-10 mph;O: No Injury;White;Female;No;No;Daylight;Urban (>70% Developed);2 lanes;2.0;Straight - Level;NC Route;None;Concrete;Urban;40 - 45  MPH;Clear;No
Yes;50-59;51;With Traffic;B: Evident Injury;Travel Lane;White;Male;Chapel Hill;Orange;Yes;Thursday;Intersection-Related;August;16:06;2012;B: Evident Injury;20-24;24;No;0-5 mph;O: No Injury;White;Female;No;No;Daylight;Urban (>70% Developed);6 lanes;2.0;Straight - Level;NC Route;None;Smooth Asphalt;Urban;40 - 45  MPH;Clear;No
Yes;60-69;63;Facing Traffic;C: Possible Injury;Sidewalk / Crosswalk / Driveway Crossing;White;Male;Chapel Hill;Orange;No;Monday;Intersection;July;13:56;2008;C: Possible Injury;60-69;62;No;0-5 mph;O: No Injury;Black;Male;No;No;Daylight;Urban (>70% Developed);2 lanes;2.0;Straight - Level;Local Street;None;Smooth Asphalt;Urban;30 - 35  MPH;Clear;No
No;25-29;29;With Traffic;O: No Injury;Travel Lane;White;Male;Carrboro;Orange;No;Tuesday;Intersection;November;18:07;2009;O: No Injury;20-24;22;No;6-10 mph;O: No Injury;White;Male;No;No;Dusk;Urban (>70% Developed);6 lanes;2.0;Straight - Grade;Local Street;None;Smooth Asphalt;Urban;30 - 35  MPH;Clear;No
No;25-29;29;With Traffic;O: No Injury;Unknown;White;Male;Carrboro;Orange;No;Tuesday;Intersection;April;15:09;2007;O: No Injury;20-24;22;No;31-35 mph;O: No Injury;Black;Male;No;Yes;Daylight;Urban (>70% Developed);4 lanes;2.0;Straight - Level;Local Street;None;Coarse Asphalt;Urban;20 - 25  MPH;Clear;No
No;Unknown;Unknown;Facing Traffic;C: Possible Injury;Sidewalk / Crosswalk / Driveway Crossing;Black;Male;Chapel Hill;Orange;No;Saturday;Intersection;June;13:40;2008;C: Possible Injury;50-59;51;No;Unknown;O: No Injury;White;Female;No;No;Daylight;Urban (>70% Developed);2 lanes;2.0;Straight - Level;Local Street;None;Smooth Asphalt;Urban;20 - 25  MPH;Clear;No
Yes;25-29;27;Not Applicable;C: Possible Injury;Driveway / Alley;White;Female;Carrboro;Orange;No;Friday;Non-Intersection;November;21:44;2009;C: Possible Injury;20-24;23;No;0-5 mph;O: No Injury;White;Female;No;No;Dark - Lighted Roadway;Urban (>70% Developed);2 lanes;2.0;Straight - Hillcrest;Local Street;None;Smooth Asphalt;Urban;20 - 25  MPH;Clear;No
Yes;30-39;34;With Traffic;B: Evident Injury;Travel Lane;White;Male;None - Rural Crash;Orange;No;Friday;Non-Intersection;October;17:10;2007;B: Evident Injury;0-19;18;No;11-15 mph;O: No Injury;White;Female;No;No;Daylight;Mixed (30% To 70% Developed);2 lanes;2.0;Straight - Grade;State Secondary Route;None;Smooth Asphalt;Rural;30 - 35  MPH;Clear;No
Yes;20-24;20;With Traffic;C: Possible Injury;Unknown;White;Male;Chapel Hill;Orange;Yes;Sunday;Non-Intersection;October;9:54;2008;C: Possible Injury;20-24;22;Yes;0-5 mph;O: No Injury;White;Male;No;No;Daylight;Urban (>70% Developed);2 lanes;2.0;Straight - Level;Public Vehicular Area;None;Smooth Asphalt;Urban;20 - 25  MPH;Clear;No
Yes;30-39;33;With Traffic;C: Possible Injury;Travel Lane;White;Female;Chapel Hill;Orange;No;Sunday;Non-Intersection;September;10:50;2012;C: Possible Injury;70;70;No;6-10 mph;O: No Injury;White;Female;No;No;Daylight;Urban (>70% Developed);3 lanes;2.0;Straight - Level;Local Street;None;Coarse Asphalt;Urban;20 - 25  MPH;Clear;No
No;16-19;19;With Traffic;B: Evident Injury;Travel Lane;White;Male;Chapel Hill;Orange;No;Wednesday;Intersection;August;19:25;2010;B: Evident Injury;20-24;21;No;0-5 mph;O: No Injury;White;Male;No;No;Daylight;Urban (>70% Developed);2 lanes;2.0;Straight - Grade;Local Street;None;Smooth Asphalt;Urban;20 - 25  MPH;Clear;No
No;20-24;22;With Traffic;C: Possible Injury;Travel Lane;Unknown/Missing;Male;Chapel Hill;Orange;Yes;Thursday;Intersection;May;23:09;2007;C: Possible Injury;40-49;48;No;6-10 mph;O: No Injury;Black;Male;No;No;Dark - Roadway Not Lighted;Urban (>70% Developed);4 lanes;2.0;Straight - Level;Local Street;None;Smooth Asphalt;Urban;20 - 25  MPH;Clear;No
Yes;25-29;29;With Traffic;B: Evident Injury;Travel Lane;White;Male;Carrboro;Orange;No;Wednesday;Intersection;January;11:26;2008;B: Evident Injury;50-59;52;No;26-30 mph;O: No Injury;Black;Female;No;No;Daylight;Urban (>70% Developed);4 lanes;2.0;Curve - Hillcrest;NC Route;None;Smooth Asphalt;Urban;40 - 45  MPH;Clear;No
Yes;20-24;24;Facing Traffic;B: Evident Injury;Travel Lane;White;Female;Carrboro;Orange;No;Tuesday;Intersection;March;22:44;2012;B: Evident Injury;25-29;26;No;0-5 mph;O: No Injury;White;Male;No;No;Dark - Lighted Roadway;Urban (>70% Developed);2 lanes;2.0;Straight - Level;Local Street;None;Coarse Asphalt;Urban;20 - 25  MPH;Rain;No
Yes;25-29;25;With Traffic;B: Evident Injury;Travel Lane;White;Male;Chapel Hill;Orange;No;Saturday;Intersection;July;12:04;2009;B: Evident Injury;50-59;54;No;0-5 mph;O: No Injury;Black;Male;No;No;Daylight;Urban (>70% Developed);2 lanes;2.0;Straight - Grade;Local Street;None;Smooth Asphalt;Urban;20 - 25  MPH;Clear;No
Yes;40-49;49;With Traffic;C: Possible Injury;Travel Lane;White;Male;None - Rural Crash;Durham;No;Wednesday;Intersection;September;9:58;2012;C: Possible Injury;25-29;29;No;21-25 mph;O: No Injury;Black;Female;No;No;Daylight;Rural (<30% Developed);3 lanes;2.0;Straight - Level;State Secondary Route;None;Coarse Asphalt;Rural;40 - 45  MPH;Clear;No
No;16-19;19;Facing Traffic;B: Evident Injury;Sidewalk / Crosswalk / Driveway Crossing;White;Male;Chapel Hill;Orange;No;Thursday;Intersection;June;12:51;2008;B: Evident Injury;Unknown;Unknown;Missing;0-5 mph;Unknown Injury;Unknown/Missing;Unknown;No;Yes;Daylight;Urban (>70% Developed);2 lanes;2.0;Straight - Level;Local Street;None;Smooth Asphalt;Urban;Unknown;Clear;No
No;40-49;48;With Traffic;C: Possible Injury;Bike Lane / Paved Shoulder;White;Male;Chapel Hill;Orange;No;Monday;Non-Intersection;May;13:14;2011;C: Possible Injury;Unknown;Unknown;Missing;41-45 mph;Unknown Injury;Unknown/Missing;Unknown;No;Yes;Daylight;Urban (>70% Developed);4 lanes;2.0;Straight - Level;US Route;None;Concrete;Urban;40 - 45  MPH;Clear;No
Yes;16-19;18;With Traffic;B: Evident Injury;Sidewalk / Crosswalk / Driveway Crossing;Black;Female;Chapel Hill;Orange;No;Wednesday;Intersection;December;10:41;2012;B: Evident Injury;25-29;26;No;0-5 mph;O: No Injury;White;Female;No;No;Daylight;Urban (>70% Developed);3 lanes;2.0;Straight - Level;Local Street;None;Smooth Asphalt;Urban;20 - 25  MPH;Cloudy;No
Yes;40-49;48;With Traffic;C: Possible Injury;Travel Lane;White;Female;Chapel Hill;Orange;No;Sunday;Intersection;March;18:01;2008;C: Possible Injury;70;70;No;16-20 mph;O: No Injury;White;Female;No;No;Daylight;Urban (>70% Developed);2 lanes;2.0;Straight - Level;Local Street;None;Smooth Asphalt;Urban;30 - 35  MPH;Clear;No
Yes;25-29;26;With Traffic;C: Possible Injury;Travel Lane;White;Male;Chapel Hill;Orange;No;Thursday;Intersection;January;11:13;2010;C: Possible Injury;50-59;59;No;16-20 mph;O: No Injury;Black;Male;No;No;Daylight;Urban (>70% Developed);2 lanes;2.0;Straight - Level;Local Street;None;Smooth Asphalt;Urban;20 - 25  MPH;Clear;No
No;20-24;23;Facing Traffic;C: Possible Injury;Travel Lane;White;Male;Chapel Hill;Orange;Yes;Wednesday;Intersection;July;18:49;2013;C: Possible Injury;20-24;21;Yes;26-30 mph;O: No Injury;White;Male;No;No;Daylight;Urban (>70% Developed);2 lanes;2.0;Straight - Level;Local Street;None;Smooth Asphalt;Urban;20 - 25  MPH;Clear;No
Yes;11-15;12;Facing Traffic;B: Evident Injury;Travel Lane;Black;Male;Chapel Hill;Orange;No;Thursday;Intersection;November;18:56;2013;B: Evident Injury;0-19;18;No;31-35 mph;O: No Injury;White;Male;No;No;Dark - Lighted Roadway;Mixed (30% To 70% Developed);5 lanes;2.0;Straight - Level;Local Street;None;Smooth Asphalt;Urban;30 - 35  MPH;Clear;No
Yes;16-19;18;With Traffic;B: Evident Injury;Sidewalk / Crosswalk / Driveway Crossing;White;Male;Chapel Hill;Orange;No;Thursday;Intersection;November;18:31;2008;B: Evident Injury;20-24;23;No;6-10 mph;O: No Injury;White;Female;No;No;Dark - Lighted Roadway;Urban (>70% Developed);4 lanes;2.0;Straight - Bottom;Local Street;None;Smooth Asphalt;Urban;20 - 25  MPH;Cloudy;No
No;25-29;27;With Traffic;C: Possible Injury;Travel Lane;White;Female;Chapel Hill;Orange;No;Tuesday;Non-Intersection;December;13:30;2012;C: Possible Injury;20-24;21;No;0-5 mph;O: No Injury;White;Male;No;No;Daylight;Urban (>70% Developed);2 lanes;2.0;Straight - Grade;Local Street;None;Smooth Asphalt;Urban;20 - 25  MPH;Clear;No
Yes;70;0;With Traffic;B: Evident Injury;Bike Lane / Paved Shoulder;White;Male;Chapel Hill;Orange;No;Tuesday;Non-Intersection;July;16:48;2013;B: Evident Injury;40-49;44;No;41-45 mph;O: No Injury;White;Male;No;No;Daylight;Urban (>70% Developed);4 lanes;2.0;Straight - Level;US Route;None;Smooth Asphalt;Urban;40 - 45  MPH;Clear;No
Yes;20-24;24;With Traffic;B: Evident Injury;Travel Lane;White;Male;Chapel Hill;Orange;No;Wednesday;Intersection-Related;October;19:00;2013;B: Evident Injury;20-24;23;No;0-5 mph;O: No Injury;White;Male;No;No;Dark - Lighted Roadway;Urban (>70% Developed);2 lanes;2.0;Straight - Level;Local Street;None;Concrete;Urban;20 - 25  MPH;Clear;No
Yes;50-59;57;With Traffic;B: Evident Injury;Travel Lane;White;Male;Carrboro;Orange;No;Sunday;Intersection-Related;November;15:29;2012;B: Evident Injury;50-59;58;No;11-15 mph;O: No Injury;Black;Male;No;No;Daylight;Urban (>70% Developed);Unknown;2.0;Straight - Level;Local Street;None;Coarse Asphalt;Urban;20 - 25  MPH;Clear;No
Yes;25-29;28;With Traffic;B: Evident Injury;Travel Lane;White;Male;Chapel Hill;Orange;No;Friday;Intersection;March;18:32;2010;B: Evident Injury;25-29;26;No;16-20 mph;O: No Injury;Black;Female;No;No;Daylight;Urban (>70% Developed);5 lanes;2.0;Curve - Grade;Local Street;None;Smooth Asphalt;Urban;30 - 35  MPH;Clear;No
Yes;11-15;13;With Traffic;C: Possible Injury;Bike Lane / Paved Shoulder;White;Female;Chapel Hill;Orange;No;Monday;Intersection;November;17:42;2009;C: Possible Injury;30-39;34;No;21-25 mph;O: No Injury;Black;Male;No;No;Dark - Lighted Roadway;Urban (>70% Developed);2 lanes;2.0;Straight - Level;Local Street;None;Smooth Asphalt;Urban;20 - 25  MPH;Cloudy;No
Yes;50-59;52;With Traffic;A: Disabling Injury;Travel Lane;White;Male;Durham;Durham;No;Monday;Non-Intersection;April;20:25;2007;A: Disabling Injury;20-24;20;No;41-45 mph;O: No Injury;White;Female;No;No;Dark - Roadway Not Lighted;Urban (>70% Developed);4 lanes;2.0;Straight - Grade;Local Street;None;Smooth Asphalt;Urban;40 - 45  MPH;Clear;No
Yes;40-49;41;With Traffic;B: Evident Injury;Travel Lane;White;Male;Durham;Durham;No;Wednesday;Non-Intersection;May;19:23;2007;B: Evident Injury;40-49;41;No;41-45 mph;O: No Injury;White;Female;No;No;Daylight;Urban (>70% Developed);2 lanes;2.0;Straight - Level;Local Street;None;Coarse Asphalt;Urban;40 - 45  MPH;Clear;No
Yes;30-39;33;Facing Traffic;B: Evident Injury;Sidewalk / Crosswalk / Driveway Crossing;White;Male;Chapel Hill;Orange;No;Friday;Intersection;September;20:39;2008;B: Evident Injury;30-39;31;No;Unknown;O: No Injury;White;Female;No;No;Dark - Roadway Not Lighted;Urban (>70% Developed);5 lanes;2.0;Straight - Level;Local Street;None;Smooth Asphalt;Urban;30 - 35  MPH;Rain;No
Yes;30-39;31;With Traffic;B: Evident Injury;Travel Lane;White;Male;Carrboro;Orange;No;Tuesday;Non-Intersection;March;12:28;2011;B: Evident Injury;Unknown;Unknown;Missing;Unknown;Unknown Injury;Unknown/Missing;Unknown;No;No;Daylight;Urban (>70% Developed);2 lanes;2.0;Straight - Level;State Secondary Route;None;Smooth Asphalt;Urban;30 - 35  MPH;Clear;No
Yes;11-15;13;Facing Traffic;C: Possible Injury;Travel Lane;White;Male;Durham;Durham;No;Monday;Intersection;October;15:18;2012;C: Possible Injury;70;70;No;31-35 mph;O: No Injury;White;Male;No;No;Daylight;Urban (>70% Developed);2 lanes;2.0;Straight - Level;Local Street;None;Smooth Asphalt;Urban;30 - 35  MPH;Cloudy;No
Yes;40-49;48;Facing Traffic;C: Possible Injury;Sidewalk / Crosswalk / Driveway Crossing;White;Male;Chapel Hill;Orange;No;Friday;Intersection;April;16:02;2011;C: Possible Injury;40-49;43;No;0-5 mph;O: No Injury;White;Female;No;No;Daylight;Urban (>70% Developed);5 lanes;2.0;Straight - Level;NC Route;None;Smooth Asphalt;Urban;30 - 35  MPH;Rain;No
Yes;30-39;33;With Traffic;B: Evident Injury;Travel Lane;Hispanic;Male;Durham;Durham;No;Tuesday;Non-Intersection;July;15:18;2008;B: Evident Injury;50-59;58;No;31-35 mph;O: No Injury;White;Male;No;No;Daylight;Urban (>70% Developed);2 lanes;2.0;Straight - Level;Local Street;None;Coarse Asphalt;Urban;30 - 35  MPH;Clear;No
Yes;16-19;18;With Traffic;B: Evident Injury;Unknown;White;Male;Chapel Hill;Orange;No;Saturday;Intersection;September;14:17;2007;B: Evident Injury;60-69;68;No;0-5 mph;O: No Injury;White;Female;No;No;Daylight;Urban (>70% Developed);9 or more lanes;2.0;Straight - Level;Local Street;None;Smooth Asphalt;Urban;30 - 35  MPH;Clear;No
No;40-49;43;With Traffic;B: Evident Injury;Travel Lane;White;Male;Chapel Hill;Orange;No;Monday;Intersection;February;13:27;2008;B: Evident Injury;0-19;19;No;26-30 mph;O: No Injury;White;Male;No;No;Daylight;Urban (>70% Developed);2 lanes;2.0;Curve - Grade;Local Street;None;Smooth Asphalt;Urban;30 - 35  MPH;Clear;No
No;60-69;64;With Traffic;C: Possible Injury;Bike Lane / Paved Shoulder;White;Male;None - Rural Crash;Orange;No;Tuesday;Non-Intersection;June;9:13;2009;C: Possible Injury;Unknown;Unknown;No;36-40 mph;Unknown Injury;Unknown/Missing;Unknown;No;Yes;Daylight;Rural (<30% Developed);2 lanes;2.0;Straight - Level;NC Route;None;Smooth Asphalt;Rural;40 - 45  MPH;Clear;No
Yes;20-24;23;With Traffic;B: Evident Injury;Bike Lane / Paved Shoulder;White;Female;Chapel Hill;Orange;No;Sunday;Intersection;October;20:06;2011;B: Evident Injury;20-24;21;No;0-5 mph;O: No Injury;White;Female;No;No;Dark - Lighted Roadway;Urban (>70% Developed);2 lanes;2.0;Straight - Level;Local Street;None;Smooth Asphalt;Urban;30 - 35  MPH;Clear;No
Yes;40-49;48;With Traffic;Unknown Injury;Travel Lane;White;Male;Chapel Hill;Orange;No;Wednesday;Intersection;February;17:22;2011;O: No Injury;25-29;28;No;0-5 mph;O: No Injury;White;Male;No;No;Daylight;Urban (>70% Developed);2 lanes;2.0;Straight - Level;Local Street;None;Smooth Asphalt;Urban;20 - 25  MPH;Clear;No
Yes;16-19;16;With Traffic;C: Possible Injury;Travel Lane;White;Male;Durham;Durham;No;Saturday;Non-Intersection;June;12:09;2012;C: Possible Injury;Unknown;Unknown;Missing;0-5 mph;Unknown Injury;Unknown/Missing;Unknown;No;Yes;Daylight;Urban (>70% Developed);2 lanes;2.0;Straight - Level;Local Street;None;Smooth Asphalt;Urban;30 - 35  MPH;Clear;No
Yes;20-24;21;Unknown;B: Evident Injury;Multi-use Path;White;Male;Chapel Hill;Orange;No;Tuesday;Non-Roadway;December;18:48;2007;B: Evident Injury;30-39;38;No;6-10 mph;O: No Injury;Asian;Male;No;No;Dark - Lighted Roadway;Urban (>70% Developed);1 lane;2.0;Straight - Grade;Public Vehicular Area;None;Coarse Asphalt;Urban;5 - 15 MPH;Clear;No
No;30-39;37;With Traffic;B: Evident Injury;Travel Lane;White;Male;None - Rural Crash;Durham;No;Friday;Intersection;August;18:00;2010;B: Evident Injury;70;70;No;0-5 mph;O: No Injury;White;Male;No;No;Daylight;Rural (<30% Developed);2 lanes;2.0;Curve - Grade;State Secondary Route;None;Coarse Asphalt;Rural;40 - 45  MPH;Clear;No
Yes;50-59;53;With Traffic;B: Evident Injury;Travel Lane;White;Male;None - Rural Crash;Durham;No;Wednesday;Non-Intersection;August;17:41;2009;B: Evident Injury;20-24;22;No;41-45 mph;O: No Injury;Black;Male;No;Yes;Daylight;Mixed (30% To 70% Developed);2 lanes;2.0;Straight - Level;State Secondary Route;None;Smooth Asphalt;Rural;40 - 45  MPH;Clear;No
Yes;11-15;12;With Traffic;C: Possible Injury;Sidewalk / Crosswalk / Driveway Crossing;Black;Male;Chapel Hill;Orange;No;Wednesday;Intersection;September;17:16;2008;C: Possible Injury;20-24;22;No;0-5 mph;O: No Injury;White;Female;No;No;Daylight;Urban (>70% Developed);4 lanes;2.0;Straight - Level;Local Street;None;Smooth Asphalt;Urban;30 - 35  MPH;Clear;No
Yes;25-29;27;With Traffic;B: Evident Injury;Bike Lane / Paved Shoulder;White;Female;Carrboro;Orange;No;Thursday;Non-Intersection;August;22:06;2013;B: Evident Injury;Unknown;Unknown;Missing;31-35 mph;Unknown Injury;Unknown/Missing;Unknown;No;Yes;Dark - Lighted Roadway;Mixed (30% To 70% Developed);2 lanes;2.0;Straight - Level;Local Street;None;Smooth Asphalt;Urban;30 - 35  MPH;Clear;No
Yes;30-39;33;With Traffic;C: Possible Injury;Travel Lane;White;Female;None - Rural Crash;Orange;No;Thursday;Non-Intersection;September;13:43;2008;C: Possible Injury;50-59;53;No;41-45 mph;O: No Injury;White;Male;No;No;Daylight;Rural (<30% Developed);2 lanes;2.0;Curve - Grade;State Secondary Route;None;Smooth Asphalt;Rural;40 - 45  MPH;Clear;No
Yes;20-24;21;With Traffic;B: Evident Injury;Travel Lane;White;Female;Chapel Hill;Orange;Yes;Thursday;Intersection;August;16:15;2009;B: Evident Injury;20-24;22;Yes;11-15 mph;O: No Injury;White;Male;No;No;Daylight;Urban (>70% Developed);Unknown;2.0;Straight - Grade;Local Street;None;Coarse Asphalt;Urban;20 - 25  MPH;Clear;No
No;16-19;16;Facing Traffic;C: Possible Injury;Sidewalk / Crosswalk / Driveway Crossing;Black;Male;Chapel Hill;Orange;No;Tuesday;Non-Intersection;July;15:00;2011;C: Possible Injury;0-19;19;No;0-5 mph;O: No Injury;White;Female;No;No;Daylight;Urban (>70% Developed);Unknown;2.0;Straight - Level;Public Vehicular Area;None;Smooth Asphalt;Urban;5 - 15 MPH;Clear;No
Yes;20-24;23;With Traffic;A: Disabling Injury;Travel Lane;White;Female;None - Rural Crash;Orange;No;Thursday;Intersection;April;17:26;2011;A: Disabling Injury;25-29;25;No;41-45 mph;O: No Injury;Black;Female;No;No;Daylight;Rural (<30% Developed);2 lanes;2.0;Straight - Grade;State Secondary Route;None;Smooth Asphalt;Rural;50 - 55  MPH;Clear;No
No;16-19;19;With Traffic;B: Evident Injury;Travel Lane;White;Female;Chapel Hill;Orange;No;Saturday;Intersection;September;21:24;2010;B: Evident Injury;Unknown;Unknown;Missing;Unknown;Unknown Injury;Unknown/Missing;Unknown;No;Yes;Dark - Lighted Roadway;Urban (>70% Developed);4 lanes;2.0;Straight - Level;Local Street;None;Smooth Asphalt;Urban;Unknown;Clear;No
Yes;25-29;27;With Traffic;C: Possible Injury;Travel Lane;White;Male;Chapel Hill;Orange;No;Saturday;Intersection-Related;February;12:07;2009;C: Possible Injury;20-24;22;No;0-5 mph;O: No Injury;White;Female;No;No;Daylight;Urban (>70% Developed);2 lanes;2.0;Curve - Grade;Local Street;None;Smooth Asphalt;Urban;20 - 25  MPH;Clear;No
Yes;6-10;10;Not Applicable;B: Evident Injury;Driveway / Alley;White;Male;None - Rural Crash;Chatham;No;Tuesday;Non-Intersection;April;17:18;2007;B: Evident Injury;25-29;26;No;11-15 mph;O: No Injury;White;Male;No;No;Daylight;Rural (<30% Developed);2 lanes;2.0;Straight - Level;State Secondary Route;None;Coarse Asphalt;Rural;30 - 35  MPH;Clear;No
No;25-29;26;With Traffic;C: Possible Injury;Travel Lane;White;Male;Chapel Hill;Orange;No;Sunday;Non-Intersection;April;3:20;2008;C: Possible Injury;30-39;34;No;36-40 mph;O: No Injury;White;Male;No;No;Dark - Roadway Not Lighted;Urban (>70% Developed);4 lanes;2.0;Straight - Level;US Route;None;Coarse Asphalt;Urban;40 - 45  MPH;Rain;No
No;30-39;35;Not Applicable;C: Possible Injury;Travel Lane;Hispanic;Male;None - Rural Crash;Orange;No;Friday;Non-Roadway;August;18:06;2009;C: Possible Injury;Unknown;Unknown;Missing;11-15 mph;Unknown Injury;Unknown/Missing;Unknown;No;No;Dusk;Mixed (30% To 70% Developed);2 lanes;3.0;Straight - Level;Private Road - Driveway;None;Gravel;Rural;5 - 15 MPH;Cloudy;No
No;30-39;32;With Traffic;O: No Injury;Travel Lane;Black;Male;Carrboro;Orange;No;Wednesday;Non-Intersection;August;18:04;2013;O: No Injury;Unknown;Unknown;Missing;Unknown;Unknown Injury;Unknown/Missing;Unknown;No;No;Daylight;Urban (>70% Developed);2 lanes;2.0;Straight - Level;Local Street;None;Smooth Asphalt;Urban;20 - 25  MPH;Clear;No
Yes;30-39;39;With Traffic;B: Evident Injury;Travel Lane;Native American;Male;Chapel Hill;Orange;No;Wednesday;Non-Intersection;October;7:56;2008;B: Evident Injury;30-39;36;No;0-5 mph;O: No Injury;White;Male;No;No;Daylight;Mixed (30% To 70% Developed);2 lanes;2.0;Straight - Level;Local Street;None;Smooth Asphalt;Urban;20 - 25  MPH;Clear;No
No;60-69;60;With Traffic;O: No Injury;Travel Lane;White;Male;Chapel Hill;Orange;No;Wednesday;Intersection;September;11:00;2011;O: No Injury;50-59;59;No;11-15 mph;Unknown Injury;Black;Female;No;No;Daylight;Mixed (30% To 70% Developed);2 lanes;2.0;Straight - Level;Local Street;None;Smooth Asphalt;Urban;20 - 25  MPH;Clear;No
No;50-59;58;With Traffic;B: Evident Injury;Travel Lane;White;Male;None - Rural Crash;Orange;No;Sunday;Non-Intersection;February;13:00;2013;B: Evident Injury;70;70;No;41-45 mph;O: No Injury;White;Female;No;No;Daylight;Rural (<30% Developed);2 lanes;2.0;Straight - Level;State Secondary Route;None;Smooth Asphalt;Rural;40 - 45  MPH;Clear;No
No;20-24;23;With Traffic;C: Possible Injury;Travel Lane;White;Male;Carrboro;Orange;No;Saturday;Non-Intersection;September;11:35;2010;C: Possible Injury;Unknown;Unknown;No;21-25 mph;Unknown Injury;Unknown/Missing;Unknown;No;Yes;Daylight;Urban (>70% Developed);2 lanes;2.0;Straight - Hillcrest;Local Street;None;Coarse Asphalt;Urban;20 - 25  MPH;Clear;No
Yes;20-24;22;With Traffic;C: Possible Injury;Travel Lane;White;Male;None - Rural Crash;Orange;No;Thursday;Intersection;April;16:38;2010;C: Possible Injury;Unknown;Unknown;No;41-45 mph;Unknown Injury;Unknown/Missing;Unknown;No;Yes;Daylight;Rural (<30% Developed);2 lanes;2.0;Straight - Level;State Secondary Route;None;Smooth Asphalt;Rural;40 - 45  MPH;Clear;No
No;16-19;18;Not Applicable;C: Possible Injury;Sidewalk / Crosswalk / Driveway Crossing;White;Male;Chapel Hill;Orange;No;Tuesday;Non-Roadway;September;16:29;2013;C: Possible Injury;40-49;43;No;0-5 mph;C: Possible Injury;White;Male;No;No;Daylight;Urban (>70% Developed);1 lane;2.0;Straight - Level;Public Vehicular Area;None;Other;Urban;5 - 15 MPH;Clear;No
Yes;25-29;25;With Traffic;C: Possible Injury;Travel Lane;Black;Male;None - Rural Crash;Orange;Yes;Friday;Intersection;September;2:47;2012;C: Possible Injury;40-49;49;No;31-35 mph;O: No Injury;Black;Male;No;No;Dark - Lighted Roadway;Urban (>70% Developed);2 lanes;2.0;Straight - Level;Local Street;None;Smooth Asphalt;Rural;30 - 35  MPH;Clear;No
Yes;25-29;27;With Traffic;B: Evident Injury;Bike Lane / Paved Shoulder;White;Male;Durham;Durham;No;Tuesday;Non-Intersection;February;18:30;2011;B: Evident Injury;Unknown;Unknown;Missing;41-45 mph;Unknown Injury;Unknown/Missing;Unknown;No;Yes;Daylight;Urban (>70% Developed);Unknown;2.0;Straight - Level;Local Street;None;Smooth Asphalt;Urban;40 - 45  MPH;Clear;No
No;11-15;11;Not Applicable;B: Evident Injury;Travel Lane;Black;Female;Durham;Durham;No;Friday;Non-Roadway;October;16:47;2010;B: Evident Injury;20-24;24;No;11-15 mph;O: No Injury;White;Female;No;No;Daylight;Urban (>70% Developed);Unknown;2.0;Straight - Level;Public Vehicular Area;None;Smooth Asphalt;Urban;5 - 15 MPH;Clear;No
Yes;30-39;34;With Traffic;B: Evident Injury;Travel Lane;Other;Male;None - Rural Crash;Orange;No;Monday;Intersection;March;19:34;2012;B: Evident Injury;40-49;41;No;31-35 mph;O: No Injury;Black;Female;No;No;Daylight;Mixed (30% To 70% Developed);2 lanes;2.0;Straight - Grade;State Secondary Route;None;Smooth Asphalt;Rural;40 - 45  MPH;Clear;No
No;70;0;With Traffic;O: No Injury;Sidewalk / Crosswalk / Driveway Crossing;White;Male;Chapel Hill;Orange;No;Tuesday;Intersection;April;16:15;2013;O: No Injury;70;70;No;6-10 mph;O: No Injury;White;Female;No;No;Daylight;Urban (>70% Developed);4 lanes;2.0;Straight - Level;US Route;None;Smooth Asphalt;Urban;40 - 45  MPH;Clear;No
No;50-59;53;With Traffic;C: Possible Injury;Travel Lane;White;Male;Chapel Hill;Orange;No;Wednesday;Non-Intersection;September;17:39;2010;C: Possible Injury;40-49;42;No;Unknown;O: No Injury;White;Female;No;No;Daylight;Urban (>70% Developed);4 lanes;2.0;Straight - Level;Local Street;None;Smooth Asphalt;Urban;20 - 25  MPH;Cloudy;No
Yes;16-19;18;With Traffic;B: Evident Injury;Travel Lane;White;Male;Chapel Hill;Orange;No;Sunday;Intersection;January;16:41;2012;B: Evident Injury;40-49;45;No;6-10 mph;O: No Injury;White;Male;No;No;Daylight;Urban (>70% Developed);4 lanes;2.0;Straight - Level;Local Street;None;Coarse Asphalt;Urban;30 - 35  MPH;Clear;No
Yes;20-24;23;With Traffic;B: Evident Injury;Bike Lane / Paved Shoulder;White;Male;None - Rural Crash;Orange;No;Tuesday;Non-Intersection;April;9:52;2012;B: Evident Injury;Unknown;Unknown;No;31-35 mph;Unknown Injury;Unknown/Missing;Unknown;No;Yes;Daylight;Rural (<30% Developed);2 lanes;2.0;Curve - Level;Local Street;Unknown;Smooth Asphalt;Rural;30 - 35  MPH;Clear;No
No;16-19;18;With Traffic;B: Evident Injury;Travel Lane;White;Male;Chapel Hill;Orange;No;Thursday;Non-Intersection;January;17:13;2012;B: Evident Injury;60-69;62;No;6-10 mph;O: No Injury;White;Male;No;No;Daylight;Urban (>70% Developed);Unknown;2.0;Straight - Level;Public Vehicular Area;None;Smooth Asphalt;Urban;5 - 15 MPH;Cloudy;No
Yes;40-49;41;With Traffic;K: Killed;Travel Lane;Black;Male;None - Rural Crash;Orange;Yes;Thursday;Non-Intersection;September;23:35;2013;K: Killed;Unknown;Unknown;No;61-65 mph;Unknown Injury;Unknown/Missing;Unknown;Yes;Yes;Dark - Roadway Not Lighted;Rural (<30% Developed);4 lanes;3.0;Straight - Level;US Route;None;Smooth Asphalt;Rural;40 - 45  MPH;Clear;No
Yes;50-59;57;Facing Traffic;C: Possible Injury;Sidewalk / Crosswalk / Driveway Crossing;Black;Male;Carrboro;Orange;No;Wednesday;Non-Intersection;November;8:19;2013;C: Possible Injury;60-69;66;No;0-5 mph;O: No Injury;White;Male;No;No;Daylight;Urban (>70% Developed);Unknown;2.0;Straight - Level;Public Vehicular Area;None;Smooth Asphalt;Urban;Unknown;Clear;No
Yes;50-59;54;With Traffic;B: Evident Injury;Travel Lane;White;Male;Chapel Hill;Orange;No;Thursday;Non-Intersection;September;7:46;2009;B: Evident Injury;60-69;67;No;0-5 mph;O: No Injury;Black;Male;No;No;Daylight;Urban (>70% Developed);4 lanes;2.0;Straight - Grade;Local Street;None;Coarse Asphalt;Urban;20 - 25  MPH;Cloudy;No
Yes;20-24;24;With Traffic;B: Evident Injury;Travel Lane;White;Male;Chapel Hill;Orange;No;Wednesday;Non-Intersection;February;16:23;2012;B: Evident Injury;20-24;22;No;6-10 mph;O: No Injury;White;Female;No;No;Daylight;Urban (>70% Developed);4 lanes;2.0;Straight - Grade;Local Street;None;Smooth Asphalt;Urban;20 - 25  MPH;Clear;No
Yes;40-49;45;With Traffic;C: Possible Injury;Bike Lane / Paved Shoulder;White;Male;Chapel Hill;Orange;No;Thursday;Non-Intersection;June;17:27;2009;C: Possible Injury;Unknown;Unknown;Missing;Unknown;Unknown Injury;Unknown/Missing;Unknown;No;No;Daylight;Mixed (30% To 70% Developed);2 lanes;2.0;Straight - Level;Local Street;None;Smooth Asphalt;Urban;30 - 35  MPH;Clear;No
Yes;30-39;38;With Traffic;B: Evident Injury;Travel Lane;White;Male;Chapel Hill;Orange;No;Saturday;Intersection;October;16:58;2010;B: Evident Injury;60-69;68;No;16-20 mph;O: No Injury;White;Female;No;No;Daylight;Urban (>70% Developed);2 lanes;2.0;Straight - Level;Local Street;None;Smooth Asphalt;Urban;20 - 25  MPH;Clear;No
No;40-49;49;With Traffic;B: Evident Injury;Travel Lane;White;Male;None - Rural Crash;Durham;No;Thursday;Intersection;April;17:25;2008;B: Evident Injury;40-49;40;No;Unknown;O: No Injury;White;Female;No;No;Daylight;Rural (<30% Developed);2 lanes;2.0;Curve - Bottom;State Secondary Route;None;Smooth Asphalt;Rural;Unknown;Clear;No
No;16-19;18;Not Applicable;O: No Injury;Non-Roadway;White;Male;None - Rural Crash;Chatham;No;Thursday;Non-Roadway;July;17:35;2008;O: No Injury;30-39;36;No;11-15 mph;O: No Injury;White;Female;No;No;Daylight;Rural (<30% Developed);Unknown;2.0;Straight - Level;Public Vehicular Area;None;Smooth Asphalt;Rural;5 - 15 MPH;Clear;No
Yes;50-59;53;With Traffic;B: Evident Injury;Travel Lane;Other;Male;None - Rural Crash;Orange;No;Tuesday;Non-Intersection;July;19:37;2013;B: Evident Injury;40-49;46;No;41-45 mph;O: No Injury;Black;Male;No;No;Daylight;Rural (<30% Developed);2 lanes;2.0;Straight - Grade;State Secondary Route;None;Smooth Asphalt;Rural;40 - 45  MPH;Clear;No
Yes;50-59;56;With Traffic;B: Evident Injury;Travel Lane;Black;Male;Chapel Hill;Orange;No;Wednesday;Non-Intersection;May;9:32;2008;B: Evident Injury;Unknown;Unknown;Missing;26-30 mph;Unknown Injury;Unknown/Missing;Unknown;No;Yes;Daylight;Urban (>70% Developed);4 lanes;2.0;Straight - Level;Local Street;None;Smooth Asphalt;Urban;20 - 25  MPH;Rain;No
Yes;50-59;51;Facing Traffic;C: Possible Injury;Sidewalk / Crosswalk / Driveway Crossing;Black;Male;Chapel Hill;Orange;No;Friday;Intersection;May;15:32;2009;C: Possible Injury;60-69;61;No;0-5 mph;O: No Injury;White;Female;No;No;Daylight;Urban (>70% Developed);2 lanes;2.0;Straight - Level;Local Street;None;Smooth Asphalt;Urban;20 - 25  MPH;Clear;No
No;50-59;53;With Traffic;C: Possible Injury;Unknown;White;Male;Chapel Hill;Orange;No;Wednesday;Non-Intersection;September;8:04;2007;C: Possible Injury;30-39;34;No;6-10 mph;O: No Injury;White;Male;No;No;Daylight;Urban (>70% Developed);2 lanes;2.0;Straight - Level;Local Street;None;Smooth Asphalt;Urban;20 - 25  MPH;Clear;No
Yes;20-24;23;Facing Traffic;C: Possible Injury;Sidewalk / Crosswalk / Driveway Crossing;White;Male;Chapel Hill;Orange;No;Friday;Intersection;May;10:07;2011;C: Possible Injury;25-29;28;No;Unknown;O: No Injury;White;Female;No;No;Daylight;Urban (>70% Developed);5 lanes;2.0;Straight - Grade;Private Road - Driveway;None;Smooth Asphalt;Urban;5 - 15 MPH;Clear;No
No;60-69;64;Facing Traffic;C: Possible Injury;Sidewalk / Crosswalk / Driveway Crossing;Black;Male;Chapel Hill;Orange;No;Wednesday;Intersection;March;10:28;2013;C: Possible Injury;60-69;60;No;6-10 mph;O: No Injury;White;Female;No;No;Daylight;Urban (>70% Developed);3 lanes;2.0;Straight - Level;Local Street;None;Smooth Asphalt;Urban;30 - 35  MPH;Cloudy;No
Yes;60-69;63;With Traffic;C: Possible Injury;Travel Lane;White;Male;Chapel Hill;Orange;No;Tuesday;Intersection;November;9:32;2010;C: Possible Injury;50-59;58;No;Unknown;O: No Injury;White;Male;No;No;Daylight;Urban (>70% Developed);5 lanes;2.0;Straight - Grade;State Secondary Route;None;Smooth Asphalt;Urban;30 - 35  MPH;Clear;No
No;25-29;27;With Traffic;B: Evident Injury;Sidewalk / Crosswalk / Driveway Crossing;White;Female;Chapel Hill;Orange;No;Tuesday;Non-Intersection;May;20:34;2008;B: Evident Injury;20-24;21;No;11-15 mph;O: No Injury;White;Female;No;No;Dusk;Urban (>70% Developed);2 lanes;2.0;Straight - Hillcrest;Public Vehicular Area;None;Smooth Asphalt;Urban;5 - 15 MPH;Clear;No
Yes;20-24;20;With Traffic;B: Evident Injury;Bike Lane / Paved Shoulder;White;Male;Chapel Hill;Orange;No;Sunday;Non-Intersection;October;20:04;2010;B: Evident Injury;Unknown;Unknown;Missing;Unknown;Unknown Injury;Unknown/Missing;Unknown;No;No;Dark - Lighted Roadway;Urban (>70% Developed);4 lanes;2.0;Straight - Level;Local Street;None;Smooth Asphalt;Urban;20 - 25  MPH;Clear;No
Yes;30-39;31;With Traffic;C: Possible Injury;Travel Lane;White;Male;Chapel Hill;Orange;No;Thursday;Non-Intersection;January;18:00;2010;C: Possible Injury;Unknown;Unknown;Missing;Unknown;Unknown Injury;Unknown/Missing;Unknown;No;Yes;Dark - Lighted Roadway;Urban (>70% Developed);4 lanes;2.0;Straight - Grade;Local Street;None;Smooth Asphalt;Urban;30 - 35  MPH;Rain;No
No;60-69;61;With Traffic;B: Evident Injury;Travel Lane;White;Male;None - Rural Crash;Orange;No;Friday;Non-Intersection;September;16:55;2013;B: Evident Injury;40-49;43;No;51-55 mph;O: No Injury;White;Male;No;No;Daylight;Rural (<30% Developed);2 lanes;2.0;Straight - Grade;State Secondary Route;None;Smooth Asphalt;Rural;50 - 55  MPH;Clear;No
No;16-19;17;With Traffic;C: Possible Injury;Sidewalk / Crosswalk / Driveway Crossing;Black;Male;Carrboro;Orange;No;Saturday;Non-Intersection;August;13:17;2011;C: Possible Injury;Unknown;Unknown;No;0-5 mph;Unknown Injury;Unknown/Missing;Unknown;No;Yes;Daylight;Urban (>70% Developed);4 lanes;2.0;Straight - Level;NC Route;None;Smooth Asphalt;Urban;30 - 35  MPH;Cloudy;No
Yes;50-59;54;With Traffic;B: Evident Injury;Travel Lane;White;Male;Chapel Hill;Orange;No;Wednesday;Intersection;September;5:44;2010;B: Evident Injury;50-59;55;No;16-20 mph;O: No Injury;White;Male;No;No;Dark - Roadway Not Lighted;Urban (>70% Developed);5 lanes;2.0;Straight - Hillcrest;Local Street;None;Coarse Asphalt;Urban;40 - 45  MPH;Clear;No
Yes;40-49;49;With Traffic;B: Evident Injury;Travel Lane;White;Female;Carrboro;Orange;No;Sunday;Intersection;September;7:40;2009;B: Evident Injury;60-69;60;No;31-35 mph;O: No Injury;Black;Male;No;No;Daylight;Urban (>70% Developed);2 lanes;2.0;Straight - Level;Local Street;None;Smooth Asphalt;Urban;30 - 35  MPH;Clear;No
Yes;25-29;28;Facing Traffic;C: Possible Injury;Travel Lane;White;Male;Carrboro;Orange;No;Thursday;Non-Intersection;December;20:35;2008;C: Possible Injury;20-24;23;No;16-20 mph;O: No Injury;White;Male;No;No;Dark - Lighted Roadway;Urban (>70% Developed);4 lanes;2.0;Straight - Level;Local Street;None;Smooth Asphalt;Urban;20 - 25  MPH;Cloudy;No
Yes;20-24;21;With Traffic;C: Possible Injury;Travel Lane;White;Male;None - Rural Crash;Orange;No;Tuesday;Non-Intersection;January;8:41;2007;C: Possible Injury;Unknown;Unknown;Missing;16-20 mph;Unknown Injury;Unknown/Missing;Unknown;No;Yes;Daylight;Rural (<30% Developed);2 lanes;2.0;Straight - Level;State Secondary Route;None;Smooth Asphalt;Rural;40 - 45  MPH;Clear;No
Yes;60-69;65;With Traffic;A: Disabling Injury;Travel Lane;White;Male;Chapel Hill;Orange;No;Thursday;Non-Intersection;March;17:25;2008;A: Disabling Injury;60-69;65;No;31-35 mph;O: No Injury;White;Female;No;No;Daylight;Urban (>70% Developed);5 lanes;2.0;Straight - Level;Local Street;None;Smooth Asphalt;Urban;30 - 35  MPH;Clear;No
No;30-39;36;With Traffic;B: Evident Injury;Unknown;White;Male;Carrboro;Orange;No;Tuesday;Intersection;April;17:37;2008;B: Evident Injury;50-59;50;No;31-35 mph;O: No Injury;White;Female;No;No;Daylight;Urban (>70% Developed);2 lanes;2.0;Straight - Level;Local Street;None;Smooth Asphalt;Urban;30 - 35  MPH;Clear;No
Yes;30-39;38;With Traffic;B: Evident Injury;Travel Lane;White;Male;Chapel Hill;Orange;No;Thursday;Intersection;October;17:39;2011;B: Evident Injury;70;70;No;0-5 mph;O: No Injury;White;Male;No;No;Daylight;Urban (>70% Developed);5 lanes;2.0;Curve - Hillcrest;Local Street;None;Smooth Asphalt;Urban;20 - 25  MPH;Clear;No
Yes;20-24;24;With Traffic;B: Evident Injury;Travel Lane;White;Female;Carrboro;Orange;No;Monday;Non-Intersection;December;17:13;2012;B: Evident Injury;Unknown;Unknown;Missing;6-10 mph;Unknown Injury;Unknown/Missing;Unknown;No;Yes;Dusk;Urban (>70% Developed);4 lanes;2.0;Straight - Bottom;Local Street;None;Smooth Asphalt;Urban;30 - 35  MPH;Clear;No